loss,cer
0.00013747993382460318,0.42493173746124946
