loss,cer
0.00013747993382460318,0.4252213300391188
