loss,cer
3.6506437592965856e-05,0.27637591701260206
3.6486501168180235e-05,0.27645654679571197
3.6478651121523376e-05,0.2764763010925739
3.657577179228041e-05,0.276453825540532
3.653887067547973e-05,0.276458078761591
3.651680855913995e-05,0.2764340376479271
