loss,cer
3.6506437592965856e-05,0.27453781374387315
3.6486501168180235e-05,0.27553780815175005
3.6478651121523376e-05,0.27586108012778804
3.657577179228041e-05,0.2759950812992444
3.653887067547973e-05,0.276091136889569
3.651680855913995e-05,0.2761297224638734
